Customer_ID,Customer_Name,Home_Region
CUST1000,Rohan Reddy,North
CUST1001,Manoj Mehta,North
CUST1002,Kavya Kapoor,North
CUST1003,Deepak Singh,East
CUST1004,Ajay Singh,South
CUST1005,Suresh Mehta,South
CUST1006,Shreya Gupta,South
CUST1007,Sneha Patel,South
CUST1008,Shreya Iyer,North
CUST1009,Nisha Gupta,North
CUST1010,Priya Patel,West
CUST1011,Divya Menon,East
CUST1012,Anjali Verma,East
CUST1013,Deepak Sharma,South
CUST1014,Divya Rao,North
CUST1015,Nisha Kapoor,South
CUST1016,Divya Das,West
CUST1017,Sanjay Mehta,East
CUST1018,Neha Kulkarni,East
CUST1019,Ritu Chatterjee,South
CUST1020,Manoj Menon,West
CUST1021,Ajay Joshi,East
CUST1022,Vivek Reddy,West
CUST1023,Amit Gupta,West
CUST1024,Ajay Singh,South
CUST1025,Deepak Das,North
CUST1026,Rohan Verma,South
CUST1027,Sneha Das,North
CUST1028,Pooja Verma,West
CUST1029,Arjun Rao,North
CUST1030,Deepak Verma,West
CUST1031,Isha Joshi,East
CUST1032,Manoj Joshi,East
CUST1033,Rohan Joshi,East
CUST1034,Kavya Chatterjee,South
CUST1035,Amit Menon,North
CUST1036,Sanjay Reddy,West
CUST1037,Meera Patel,East
CUST1038,Sneha Verma,South
CUST1039,Anjali Nair,East
CUST1040,Neha Reddy,South
CUST1041,Nisha Kapoor,North
CUST1042,Meera Rao,North
CUST1043,Divya Verma,East
CUST1044,Neha Menon,West
CUST1045,Sneha Menon,South
CUST1046,Ritu Chatterjee,South
CUST1047,Kavya Menon,North
CUST1048,Vivek Joshi,North
CUST1049,Kavya Gupta,West
CUST1050,Ritu Kapoor,West
CUST1051,Meera Chatterjee,West
CUST1052,Deepak Patel,East
CUST1053,Karan Das,North
CUST1054,Manoj Kapoor,East
CUST1055,Rahul Das,North
CUST1056,Rohan Das,North
CUST1058,Divya Patel,North
CUST1059,Shreya Chatterjee,North
CUST1060,Suresh Iyer,East
CUST1061,Sanjay Patel,North
CUST1062,Amit Iyer,East
CUST1063,Rahul Mehta,West
CUST1064,Vikram Rao,North
CUST1065,Rohan Rao,North
CUST1066,Arjun Joshi,East
CUST1067,Rohan Das,West
CUST1068,Kavya Joshi,South
CUST1069,Priya Sharma,West
CUST1070,Ritu Singh,East
CUST1071,Vivek Menon,West
CUST1072,Shreya Gupta,East
CUST1073,Amit Joshi,East
CUST1074,Kavya Nair,South
CUST1075,Amit Sharma,North
CUST1076,Amit Gupta,East
CUST1077,Manoj Menon,East
CUST1078,Amit Sharma,South
CUST1079,Vikram Rao,East
CUST1080,Vivek Chatterjee,North
CUST1081,Pooja Singh,South
CUST1082,Arjun Chatterjee,North
CUST1083,Manoj Rao,North
CUST1084,Neha Joshi,South
CUST1085,Karan Iyer,East
CUST1086,Rohan Sharma,North
CUST1087,Isha Kapoor,North
CUST1088,Sneha Menon,North
CUST1089,Vikram Singh,North
CUST1090,Rohan Kapoor,South
CUST1091,Manoj Mehta,South
CUST1092,Sneha Kapoor,West
CUST1093,Rohan Mehta,West
CUST1094,Ajay Nair,North
CUST1095,Priya Rao,East
CUST1096,Karan Menon,North
CUST1097,Deepak Nair,East
CUST1098,Divya Joshi,North
CUST1099,Isha Menon,West
CUST1100,Suresh Kulkarni,West
CUST1101,Vivek Joshi,East
CUST1102,Rohan Menon,North
CUST1103,Rahul Sharma,East
CUST1104,Isha Kapoor,West
CUST1105,Arjun Iyer,North
CUST1106,Rohan Nair,North
CUST1107,Kavya Mehta,East
CUST1108,Arjun Menon,South
CUST1109,Vikram Sharma,East
CUST1110,Ajay Rao,West
CUST1111,Divya Patel,West
CUST1112,Manoj Mehta,West
CUST1113,Nisha Kulkarni,West
CUST1114,Shreya Das,West
CUST1115,Isha Sharma,South
CUST1116,Sanjay Rao,North
CUST1117,Isha Joshi,East
CUST1118,Rohan Verma,East
CUST1119,Amit Sharma,West
CUST1120,Vikram Sharma,East
CUST1121,Shreya Sharma,West
CUST1122,Sanjay Verma,North
CUST1123,Priya Joshi,South
CUST1124,Nisha Singh,North
CUST1125,Vikram Kulkarni,South
CUST1126,Rahul Sharma,South
CUST1127,Ajay Menon,North
CUST1128,Priya Gupta,East
CUST1129,Divya Rao,West
CUST1130,Anjali Kulkarni,West
CUST1131,Vivek Reddy,East
CUST1132,Vivek Mehta,North
CUST1133,Shreya Mehta,East
CUST1134,Sanjay Chatterjee,South
CUST1135,Anjali Patel,North
CUST1136,Vikram Reddy,North
CUST1137,Priya Nair,North
CUST1138,Nisha Mehta,West
CUST1139,Ritu Kulkarni,East
CUST1140,Rahul Das,North
CUST1141,Anjali Kulkarni,North
CUST1142,Amit Reddy,North
CUST1143,Sneha Iyer,East
CUST1146,Rohan Reddy,West
CUST1147,Arjun Sharma,North
CUST1148,Kavya Kulkarni,West
CUST1149,Rohan Verma,West
CUST1150,Kavya Sharma,South
CUST1151,Suresh Joshi,East
CUST1152,Meera Singh,East
CUST1153,Neha Iyer,West
CUST1154,Rohan Joshi,West
CUST1155,Ritu Rao,East
CUST1156,Ritu Das,East
CUST1157,Isha Joshi,South
CUST1158,Sanjay Verma,North
CUST1159,Rahul Kulkarni,West
CUST1160,Divya Gupta,East
CUST1161,Vikram Kulkarni,West
CUST1162,Vivek Das,West
CUST1163,Arjun Iyer,East
CUST1164,Ajay Kulkarni,South
CUST1165,Ritu Iyer,West
CUST1166,Isha Patel,South
CUST1167,Nisha Patel,East
CUST1168,Rahul Patel,North
CUST1169,Isha Mehta,North
CUST1170,Sanjay Patel,West
CUST1171,Sneha Nair,East
CUST1172,Kavya Reddy,South
CUST1173,Amit Kulkarni,West
CUST1174,Amit Das,North
CUST1175,Meera Kulkarni,East
CUST1176,Pooja Verma,South
CUST1177,Priya Nair,West
CUST1178,Amit Kulkarni,East
CUST1179,Arjun Reddy,East
CUST1180,Rahul Reddy,East
CUST1181,Rahul Menon,South
CUST1182,Deepak Kulkarni,West
CUST1183,Isha Patel,West
CUST1184,Kavya Singh,West
CUST1185,Amit Sharma,West
CUST1186,Rahul Kulkarni,North
CUST1188,Ajay Nair,West
CUST1189,Vivek Nair,South
CUST1190,Pooja Menon,North
CUST1191,Anjali Nair,East
CUST1192,Karan Iyer,North
CUST1193,Nisha Patel,East
CUST1194,Priya Gupta,West
CUST1195,Rahul Joshi,North
CUST1196,Manoj Kulkarni,South
CUST1197,Rahul Gupta,North
CUST1198,Ritu Iyer,North
CUST1199,Sneha Iyer,North
CUST1200,Sanjay Kulkarni,West
CUST1201,Sanjay Joshi,South
CUST1202,Pooja Gupta,North
CUST1203,Anjali Iyer,South
CUST1204,Arjun Gupta,West
CUST1205,Shreya Kapoor,East
CUST1206,Sanjay Menon,North
CUST1207,Deepak Chatterjee,South
CUST1208,Amit Joshi,South
CUST1209,Rahul Reddy,West
CUST1210,Deepak Kulkarni,North
CUST1211,Vivek Sharma,East
CUST1212,Amit Kulkarni,South
CUST1213,Meera Das,North
CUST1214,Neha Chatterjee,East
CUST1215,Nisha Rao,South
CUST1216,Amit Patel,South
CUST1217,Pooja Patel,East
CUST1218,Meera Kulkarni,East
CUST1219,Manoj Nair,West
CUST1220,Vivek Verma,North
CUST1221,Neha Verma,North
CUST1222,Sanjay Patel,West
CUST1223,Rahul Das,South
CUST1224,Suresh Nair,East
CUST1225,Ritu Singh,East
CUST1226,Neha Singh,East
CUST1227,Amit Verma,South
CUST1228,Shreya Kapoor,East
CUST1229,Rohan Das,East
CUST1230,Sneha Kapoor,West
CUST1231,Isha Sharma,South
CUST1232,Kavya Kulkarni,North
CUST1233,Pooja Kulkarni,West
CUST1234,Pooja Joshi,West
CUST1235,Ajay Singh,South
CUST1236,Manoj Joshi,West
CUST1237,Priya Verma,South
CUST1238,Vivek Chatterjee,East
CUST1239,Nisha Iyer,South
CUST1240,Nisha Rao,North
CUST1241,Nisha Sharma,North
CUST1242,Isha Rao,West
CUST1243,Anjali Chatterjee,South
CUST1244,Nisha Mehta,South
CUST1245,Vikram Sharma,North
CUST1246,Kavya Gupta,South
CUST1247,Divya Joshi,North
CUST1248,Vikram Singh,South
CUST1249,Sneha Nair,South
CUST1250,Karan Kulkarni,South
CUST1251,Isha Menon,North
CUST1252,Manoj Iyer,West
CUST1253,Vivek Patel,South
CUST1254,Isha Kulkarni,North
CUST1255,Karan Verma,North
CUST1256,Neha Menon,South
CUST1257,Ajay Sharma,South
CUST1258,Shreya Chatterjee,West
CUST1259,Ajay Joshi,North
CUST1260,Vivek Rao,North
CUST1261,Vikram Rao,East
CUST1262,Deepak Menon,North
CUST1263,Vivek Chatterjee,West
CUST1264,Arjun Joshi,East
CUST1265,Deepak Sharma,East
CUST1266,Rahul Chatterjee,North
CUST1267,Priya Kulkarni,South
CUST1268,Nisha Kulkarni,South
CUST1269,Kavya Kapoor,North
CUST1270,Deepak Sharma,East
CUST1271,Ritu Kapoor,West
CUST1272,Rohan Kulkarni,South
CUST1274,Vivek Iyer,West
CUST1275,Divya Rao,South
CUST1276,Ritu Iyer,South
CUST1277,Vikram Nair,South
CUST1278,Pooja Joshi,South
CUST1279,Vikram Chatterjee,East
CUST1280,Sanjay Menon,East
CUST1281,Pooja Menon,East
CUST1282,Isha Gupta,East
CUST1283,Divya Kulkarni,North
CUST1284,Ritu Gupta,East
CUST1285,Rohan Reddy,South
CUST1286,Rahul Menon,West
CUST1287,Vikram Singh,East
CUST1288,Neha Nair,North
CUST1289,Vikram Reddy,South
CUST1290,Priya Reddy,West
CUST1291,Neha Rao,West
CUST1292,Ajay Rao,East
CUST1293,Rahul Patel,West
CUST1294,Vikram Kapoor,East
CUST1295,Sneha Kulkarni,East
CUST1296,Shreya Kulkarni,South
CUST1297,Vivek Verma,South
CUST1298,Sanjay Joshi,North
CUST1299,Isha Patel,South
CUST1300,Divya Verma,South
CUST1301,Amit Joshi,East
CUST1302,Rahul Sharma,South
CUST1303,Ajay Mehta,East
CUST1304,Vikram Joshi,East
CUST1305,Amit Sharma,South
CUST1306,Rahul Patel,North
CUST1307,Neha Mehta,North
CUST1308,Divya Kapoor,West
CUST1309,Karan Joshi,North
CUST1310,Pooja Verma,South
CUST1311,Ajay Verma,North
CUST1312,Amit Singh,East
CUST1313,Sanjay Rao,West
CUST1314,Kavya Kapoor,East
CUST1315,Neha Rao,West
CUST1316,Priya Iyer,South
CUST1317,Arjun Singh,North
CUST1318,Sneha Rao,West
CUST1319,Deepak Verma,North
CUST1320,Karan Mehta,East
CUST1321,Shreya Reddy,South
CUST1322,Deepak Kapoor,North
CUST1323,Sneha Rao,South
CUST1324,Vikram Das,North
CUST1325,Shreya Kulkarni,East
CUST1326,Amit Sharma,West
CUST1328,Sneha Verma,East
CUST1329,Sanjay Singh,West
CUST1330,Shreya Singh,North
CUST1331,Vikram Joshi,East
CUST1332,Sanjay Singh,West
CUST1333,Karan Singh,South
CUST1334,Amit Das,West
CUST1335,Sanjay Sharma,South
CUST1336,Isha Kulkarni,South
CUST1337,Nisha Kapoor,North
CUST1338,Ajay Sharma,North
CUST1339,Sneha Joshi,East
CUST1340,Arjun Iyer,West
CUST1341,Divya Das,North
CUST1342,Rohan Joshi,North
CUST1343,Pooja Chatterjee,West
CUST1344,Isha Iyer,East
CUST1345,Manoj Kulkarni,North
CUST1346,Deepak Gupta,North
CUST1347,Amit Joshi,West
CUST1348,Isha Mehta,East
CUST1349,Deepak Reddy,North
CUST1350,Deepak Singh,South
CUST1351,Ritu Das,West
CUST1352,Rohan Kapoor,North
CUST1353,Deepak Rao,North
CUST1354,Rohan Menon,South
CUST1355,Vikram Iyer,South
CUST1356,Vivek Kapoor,West
CUST1357,Suresh Mehta,West
CUST1358,Meera Chatterjee,South
CUST1359,Divya Das,West
CUST1360,Neha Rao,South
CUST1361,Divya Sharma,North
CUST1362,Anjali Singh,South
CUST1363,Pooja Kapoor,South
CUST1364,Kavya Rao,East
CUST1365,Arjun Verma,South
CUST1366,Priya Gupta,South
CUST1367,Vikram Nair,East
CUST1368,Ajay Patel,West
CUST1369,Ritu Kapoor,East
CUST1370,Rahul Nair,North
CUST1371,Isha Sharma,East
CUST1372,Rohan Das,North
CUST1373,Karan Reddy,West
CUST1374,Sneha Nair,East
CUST1375,Ajay Kapoor,East
CUST1376,Divya Nair,West
CUST1377,Rohan Mehta,West
CUST1378,Neha Rao,East
CUST1379,Ajay Singh,North
CUST1380,Amit Kapoor,East
CUST1381,Karan Verma,South
CUST1382,Isha Joshi,East
CUST1383,Kavya Kapoor,West
CUST1384,Arjun Singh,West
CUST1385,Rahul Iyer,North
CUST1386,Karan Joshi,East
CUST1387,Sanjay Das,North
CUST1388,Shreya Sharma,North
CUST1389,Anjali Gupta,South
CUST1390,Anjali Rao,South
CUST1391,Divya Kapoor,West
CUST1392,Karan Kapoor,North
CUST1393,Manoj Gupta,West
CUST1394,Ritu Nair,East
CUST1395,Deepak Mehta,North
CUST1396,Vikram Reddy,North
CUST1397,Amit Iyer,East
CUST1398,Isha Das,East
CUST1399,Meera Chatterjee,West
CUST1400,Arjun Sharma,West
CUST1401,Pooja Chatterjee,East
CUST1402,Rahul Gupta,West
CUST1403,Nisha Nair,East
CUST1404,Amit Kulkarni,North
CUST1405,Vivek Das,North
CUST1406,Suresh Joshi,South
CUST1407,Neha Kulkarni,North
CUST1409,Anjali Joshi,West
CUST1410,Shreya Joshi,South
CUST1411,Deepak Patel,West
CUST1412,Sneha Rao,East
CUST1413,Kavya Rao,North
CUST1414,Meera Joshi,West
CUST1415,Vikram Das,East
CUST1416,Sneha Kulkarni,South
CUST1417,Nisha Chatterjee,South
CUST1418,Sanjay Das,North
CUST1419,Rahul Gupta,East
CUST1420,Isha Kapoor,West
CUST1421,Ritu Kapoor,South
CUST1422,Karan Menon,South
CUST1423,Amit Kapoor,West
CUST1424,Anjali Verma,East
CUST1425,Ajay Kulkarni,South
CUST1426,Vikram Chatterjee,South
CUST1427,Priya Rao,South
CUST1428,Shreya Menon,South
CUST1429,Meera Mehta,East
CUST1430,Karan Gupta,West
CUST1431,Vivek Patel,East
CUST1432,Rahul Nair,East
CUST1433,Rahul Verma,North
CUST1434,Manoj Sharma,West
CUST1435,Suresh Gupta,South
CUST1436,Nisha Mehta,East
CUST1437,Sanjay Kapoor,South
CUST1438,Rahul Verma,South
CUST1439,Arjun Iyer,North
CUST1440,Rahul Gupta,East
CUST1441,Ritu Singh,West
CUST1442,Anjali Joshi,East
CUST1443,Sanjay Gupta,South
CUST1444,Vikram Nair,West
CUST1445,Amit Gupta,East
CUST1446,Vivek Gupta,South
CUST1447,Deepak Gupta,South
CUST1448,Neha Rao,North
CUST1449,Ajay Sharma,North
CUST1451,Arjun Menon,South
CUST1452,Rahul Iyer,East
CUST1453,Karan Kapoor,North
CUST1454,Sneha Menon,East
CUST1455,Rahul Sharma,North
CUST1456,Kavya Kulkarni,West
CUST1457,Priya Joshi,West
CUST1458,Kavya Singh,North
CUST1459,Priya Nair,South
CUST1460,Nisha Iyer,North
CUST1461,Meera Joshi,North
CUST1462,Rahul Nair,South
CUST1463,Divya Gupta,West
CUST1464,Sanjay Kulkarni,East
CUST1465,Manoj Singh,North
CUST1466,Manoj Gupta,South
CUST1467,Deepak Menon,North
CUST1468,Priya Mehta,South
CUST1469,Ajay Singh,East
CUST1470,Anjali Kulkarni,North
CUST1471,Priya Nair,West
CUST1472,Meera Verma,South
CUST1473,Meera Menon,South
CUST1474,Manoj Mehta,West
CUST1475,Ajay Chatterjee,West
CUST1476,Priya Reddy,South
CUST1477,Anjali Sharma,West
CUST1478,Shreya Chatterjee,East
CUST1479,Vivek Rao,North
CUST1480,Ajay Sharma,East
CUST1481,Vikram Kapoor,West
CUST1482,Sneha Rao,South
CUST1483,Shreya Sharma,South
CUST1484,Neha Sharma,East
CUST1485,Isha Patel,South
CUST1486,Vikram Verma,West
CUST1487,Anjali Gupta,East
CUST1488,Priya Kapoor,South
CUST1489,Suresh Mehta,North
CUST1490,Ritu Mehta,North
CUST1491,Ajay Chatterjee,West
CUST1492,Vivek Singh,South
CUST1493,Ritu Chatterjee,West
CUST1494,Suresh Nair,East
CUST1495,Ritu Patel,North
CUST1496,Sneha Patel,East
CUST1497,Sneha Patel,South
CUST1498,Amit Kulkarni,West
CUST1499,Amit Mehta,West
CUST1500,Meera Kapoor,West
CUST1501,Ajay Iyer,East
CUST1502,Deepak Gupta,North
CUST1504,Neha Kapoor,East
CUST1505,Nisha Gupta,South
CUST1506,Anjali Sharma,South
CUST1507,Vikram Das,South
CUST1508,Divya Rao,North
CUST1509,Pooja Verma,North
CUST1510,Sanjay Menon,South
CUST1511,Karan Mehta,South
CUST1512,Arjun Rao,North
CUST1513,Manoj Das,West
CUST1514,Nisha Chatterjee,North
CUST1515,Shreya Menon,North
CUST1516,Suresh Chatterjee,North
CUST1517,Ritu Kapoor,South
CUST1518,Sanjay Rao,West
CUST1519,Sneha Sharma,North
CUST1520,Kavya Sharma,South
CUST1521,Amit Kapoor,East
CUST1522,Isha Chatterjee,East
CUST1523,Manoj Chatterjee,North
CUST1524,Shreya Nair,East
CUST1525,Pooja Rao,West
CUST1526,Vivek Menon,East
CUST1527,Shreya Verma,East
CUST1528,Karan Rao,West
CUST1529,Pooja Mehta,North
CUST1530,Shreya Iyer,North
CUST1531,Rohan Iyer,West
CUST1532,Manoj Singh,West
CUST1533,Pooja Mehta,West
CUST1534,Manoj Joshi,East
CUST1535,Karan Verma,West
CUST1537,Ajay Chatterjee,West
CUST1538,Vivek Gupta,North
CUST1539,Neha Singh,North
CUST1540,Sanjay Singh,North
CUST1541,Nisha Rao,East
CUST1542,Divya Das,South
CUST1543,Sanjay Kapoor,West
CUST1544,Isha Das,West
CUST1545,Sneha Rao,North
CUST1546,Amit Das,North
CUST1547,Karan Verma,East
CUST1548,Manoj Reddy,South
CUST1549,Manoj Nair,West
CUST1550,Priya Chatterjee,East
CUST1551,Kavya Patel,West
CUST1552,Sanjay Joshi,North
CUST1553,Ajay Rao,West
CUST1554,Arjun Gupta,South
CUST1555,Anjali Reddy,South
CUST1556,Priya Mehta,North
CUST1557,Shreya Mehta,South
CUST1558,Karan Nair,South
CUST1559,Vikram Das,East
CUST1560,Rahul Gupta,West
CUST1561,Nisha Gupta,North
CUST1562,Anjali Nair,North
CUST1564,Sneha Menon,North
CUST1565,Suresh Menon,North
CUST1566,Shreya Singh,South
CUST1567,Arjun Singh,East
CUST1568,Amit Iyer,North
CUST1569,Kavya Gupta,East
CUST1570,Sneha Patel,East
CUST1571,Anjali Verma,South
CUST1572,Isha Joshi,North
CUST1573,Suresh Reddy,South
CUST1574,Manoj Nair,North
CUST1575,Nisha Sharma,South
CUST1576,Shreya Nair,East
CUST1577,Ajay Menon,West
CUST1578,Priya Chatterjee,West
CUST1579,Suresh Patel,East
CUST1580,Ajay Kapoor,West
CUST1581,Divya Gupta,East
CUST1582,Anjali Rao,South
CUST1583,Nisha Reddy,North
CUST1584,Ajay Reddy,East
CUST1585,Rahul Reddy,South
CUST1586,Sanjay Joshi,North
CUST1587,Manoj Sharma,North
CUST1588,Pooja Kulkarni,East
CUST1589,Anjali Gupta,North
CUST1590,Suresh Chatterjee,East
CUST1591,Sneha Kapoor,North
CUST1592,Suresh Iyer,West
CUST1593,Rahul Nair,South
CUST1594,Meera Patel,South
CUST1595,Neha Gupta,East
CUST1596,Vivek Rao,West
CUST1597,Divya Verma,East
CUST1598,Karan Patel,North
CUST1599,Priya Reddy,North
CUST1600,Rahul Chatterjee,East
CUST1601,Vikram Das,West
CUST1602,Sanjay Das,South
CUST1603,Suresh Chatterjee,South
CUST1604,Shreya Nair,North
CUST1605,Vivek Iyer,South
CUST1606,Sanjay Gupta,West
CUST1607,Divya Verma,South
CUST1608,Pooja Gupta,South
CUST1609,Shreya Mehta,South
CUST1610,Arjun Verma,South
CUST1611,Divya Iyer,North
CUST1612,Amit Sharma,North
CUST1613,Kavya Kulkarni,North
CUST1614,Nisha Joshi,South
CUST1615,Kavya Mehta,West
CUST1616,Arjun Gupta,West
CUST1617,Pooja Joshi,South
CUST1618,Amit Gupta,East
CUST1619,Vikram Gupta,South
CUST1620,Ajay Mehta,South
CUST1621,Pooja Rao,South
CUST1622,Sneha Das,East
CUST1623,Karan Rao,West
CUST1624,Meera Patel,East
CUST1625,Kavya Singh,South
CUST1626,Kavya Menon,South
CUST1627,Ajay Kapoor,North
CUST1628,Anjali Sharma,South
CUST1629,Vivek Chatterjee,West
CUST1630,Manoj Sharma,East
CUST1631,Sanjay Sharma,South
CUST1632,Manoj Singh,East
CUST1633,Priya Menon,East
CUST1634,Deepak Patel,East
CUST1635,Kavya Iyer,South
CUST1636,Rohan Iyer,East
CUST1637,Anjali Nair,East
CUST1638,Amit Singh,South
CUST1639,Ajay Patel,East
CUST1640,Neha Kulkarni,South
CUST1641,Isha Chatterjee,West
CUST1643,Rahul Reddy,West
CUST1644,Rohan Mehta,East
CUST1645,Sneha Kapoor,North
CUST1646,Anjali Das,North
CUST1647,Rahul Kapoor,East
CUST1648,Vikram Mehta,North
CUST1649,Vivek Sharma,South
CUST1650,Sneha Nair,North
CUST1651,Priya Rao,East
CUST1652,Vikram Mehta,East
CUST1653,Neha Sharma,South
CUST1654,Nisha Nair,West
CUST1655,Karan Chatterjee,East
CUST1656,Manoj Reddy,South
CUST1657,Karan Patel,North
CUST1658,Isha Patel,North
CUST1659,Manoj Kapoor,South
CUST1660,Kavya Gupta,North
CUST1661,Manoj Reddy,East
CUST1662,Divya Kapoor,North
CUST1663,Priya Mehta,South
CUST1664,Ajay Iyer,North
CUST1665,Sneha Reddy,South
CUST1666,Suresh Mehta,North
CUST1667,Vikram Reddy,West
CUST1668,Suresh Menon,East
CUST1669,Neha Patel,North
CUST1670,Anjali Nair,West
CUST1671,Kavya Singh,North
CUST1672,Manoj Rao,East
CUST1673,Pooja Mehta,West
CUST1674,Divya Rao,North
CUST1675,Karan Patel,North
CUST1676,Meera Das,East
CUST1677,Rahul Chatterjee,North
CUST1678,Kavya Joshi,West
CUST1679,Suresh Joshi,South
CUST1680,Divya Reddy,North
CUST1681,Ritu Reddy,East
CUST1682,Vikram Patel,North
CUST1683,Vikram Patel,East
CUST1684,Neha Sharma,South
CUST1685,Arjun Nair,North
CUST1686,Ajay Kapoor,East
CUST1687,Pooja Patel,East
CUST1688,Arjun Nair,South
CUST1689,Suresh Singh,North
CUST1690,Rahul Menon,East
CUST1691,Vikram Gupta,East
CUST1692,Pooja Reddy,North
CUST1693,Nisha Singh,North
CUST1694,Rahul Chatterjee,South
CUST1695,Nisha Singh,North
CUST1696,Ajay Patel,East
CUST1697,Manoj Gupta,North
CUST1698,Manoj Das,East
CUST1699,Deepak Das,North
CUST1700,Neha Reddy,East
CUST1701,Deepak Rao,East
CUST1702,Arjun Iyer,North
CUST1703,Isha Das,North
CUST1704,Suresh Nair,East
CUST1705,Priya Singh,West
CUST1706,Meera Mehta,South
CUST1707,Priya Mehta,West
CUST1709,Suresh Mehta,South
CUST1710,Divya Mehta,South
CUST1711,Ajay Nair,West
CUST1712,Shreya Das,North
CUST1713,Rohan Reddy,West
CUST1714,Anjali Gupta,West
CUST1715,Shreya Sharma,North
CUST1716,Sanjay Kapoor,North
CUST1717,Suresh Nair,West
CUST1718,Meera Gupta,South
CUST1719,Sanjay Singh,East
CUST1720,Sanjay Reddy,North
CUST1721,Arjun Sharma,East
CUST1722,Isha Nair,West
CUST1723,Nisha Joshi,East
CUST1724,Kavya Sharma,South
CUST1725,Rohan Sharma,North
CUST1726,Karan Menon,East
CUST1727,Vivek Iyer,South
CUST1728,Shreya Iyer,North
CUST1729,Sanjay Kapoor,East
CUST1730,Ritu Patel,East
CUST1731,Ajay Verma,South
CUST1732,Rahul Menon,North
CUST1733,Ajay Chatterjee,North
CUST1734,Meera Verma,East
CUST1735,Nisha Joshi,East
CUST1736,Sanjay Verma,East
CUST1737,Anjali Iyer,East
CUST1738,Sneha Sharma,South
CUST1739,Kavya Kapoor,South
CUST1740,Vivek Singh,North
CUST1741,Amit Kulkarni,West
CUST1742,Neha Rao,East
CUST1743,Ajay Menon,East
CUST1744,Priya Joshi,West
CUST1745,Rahul Singh,West
CUST1746,Vivek Joshi,South
CUST1747,Meera Singh,West
CUST1748,Kavya Sharma,West
CUST1749,Vivek Iyer,South
CUST1750,Shreya Singh,South
CUST1751,Kavya Nair,West
CUST1752,Manoj Gupta,East
CUST1753,Amit Iyer,North
CUST1754,Rahul Joshi,West
CUST1755,Manoj Patel,West
CUST1756,Priya Iyer,East
CUST1757,Shreya Menon,West
CUST1758,Shreya Menon,West
CUST1759,Suresh Kulkarni,North
CUST1760,Sneha Reddy,North
CUST1761,Vikram Nair,North
CUST1762,Deepak Menon,South
CUST1764,Meera Singh,North
CUST1765,Neha Singh,North
CUST1766,Rahul Singh,South
CUST1767,Deepak Iyer,East
CUST1768,Ritu Kapoor,West
CUST1769,Ajay Reddy,West
CUST1770,Meera Verma,North
CUST1771,Rahul Chatterjee,East
CUST1772,Vikram Reddy,South
CUST1773,Suresh Rao,North
CUST1774,Priya Iyer,East
CUST1775,Vivek Singh,East
CUST1776,Divya Reddy,East
CUST1777,Vikram Gupta,South
CUST1778,Anjali Kulkarni,South
CUST1779,Arjun Verma,West
CUST1780,Deepak Joshi,West
CUST1781,Amit Reddy,East
CUST1782,Nisha Joshi,East
CUST1783,Shreya Sharma,South
CUST1784,Neha Menon,West
CUST1785,Shreya Mehta,East
CUST1786,Pooja Singh,West
CUST1787,Sanjay Verma,West
CUST1788,Ajay Sharma,East
CUST1789,Pooja Das,South
CUST1790,Kavya Verma,East
CUST1791,Karan Das,East
CUST1792,Rohan Das,West
CUST1793,Nisha Nair,East
CUST1794,Suresh Menon,South
CUST1795,Sneha Rao,South
CUST1796,Karan Verma,South
CUST1797,Vivek Gupta,South
CUST1798,Suresh Nair,North
CUST1799,Meera Kulkarni,North
CUST1800,Deepak Rao,North
CUST1801,Sneha Das,West
CUST1802,Anjali Verma,East
CUST1803,Sanjay Gupta,West
CUST1804,Anjali Rao,South
CUST1805,Divya Singh,North
CUST1806,Deepak Rao,West
CUST1807,Nisha Gupta,East
CUST1808,Anjali Mehta,West
CUST1809,Kavya Verma,North
CUST1810,Divya Kapoor,West
CUST1811,Deepak Singh,West
CUST1812,Neha Kapoor,North
CUST1813,Sanjay Rao,South
CUST1814,Deepak Joshi,South
CUST1815,Pooja Kulkarni,North
CUST1816,Priya Joshi,West
CUST1817,Nisha Mehta,North
CUST1818,Rahul Iyer,South
CUST1819,Deepak Reddy,East
CUST1820,Ajay Rao,West
CUST1821,Deepak Mehta,South
CUST1822,Kavya Mehta,West
CUST1823,Sneha Sharma,North
CUST1824,Rohan Patel,East
CUST1825,Amit Nair,North
CUST1826,Priya Singh,East
CUST1827,Manoj Patel,West
CUST1828,Nisha Nair,West
CUST1829,Vikram Patel,North
CUST1830,Rahul Rao,East
CUST1831,Sneha Chatterjee,East
CUST1832,Isha Iyer,West
CUST1833,Amit Reddy,North
CUST1834,Suresh Sharma,East
CUST1835,Karan Mehta,West
CUST1836,Priya Das,South
CUST1837,Priya Gupta,North
CUST1838,Arjun Das,East
CUST1839,Kavya Sharma,North
CUST1840,Rahul Das,West
CUST1841,Suresh Patel,East
CUST1842,Neha Das,East
CUST1843,Rohan Iyer,East
CUST1844,Amit Verma,South
CUST1845,Vikram Joshi,West
CUST1846,Divya Iyer,South
CUST1847,Anjali Verma,West
CUST1848,Divya Iyer,South
CUST1849,Vikram Joshi,North
CUST1850,Sanjay Kapoor,North
CUST1851,Sanjay Rao,South
CUST1852,Vivek Sharma,South
CUST1853,Manoj Joshi,South
CUST1854,Ritu Patel,West
CUST1855,Ajay Patel,South
CUST1856,Deepak Sharma,North
CUST1857,Vivek Gupta,North
CUST1858,Nisha Kulkarni,East
CUST1859,Anjali Patel,South
CUST1860,Meera Das,West
CUST1861,Divya Chatterjee,West
CUST1862,Arjun Kapoor,West
CUST1863,Manoj Kulkarni,East
CUST1864,Neha Kulkarni,North
CUST1865,Rohan Sharma,West
CUST1866,Vivek Rao,North
CUST1867,Deepak Nair,East
CUST1868,Rohan Menon,South
CUST1869,Manoj Gupta,South
CUST1870,Rohan Das,South
CUST1871,Ajay Kulkarni,West
CUST1872,Kavya Verma,South
CUST1873,Vivek Kapoor,West
CUST1874,Meera Chatterjee,East
CUST1875,Isha Singh,East
CUST1876,Amit Verma,West
CUST1877,Neha Singh,North
CUST1878,Sanjay Menon,South
CUST1879,Shreya Iyer,South
CUST1880,Divya Joshi,South
CUST1881,Karan Verma,West
CUST1882,Amit Gupta,East
CUST1883,Suresh Patel,South
CUST1884,Vivek Singh,East
CUST1885,Divya Singh,South
CUST1886,Manoj Patel,South
CUST1887,Sanjay Reddy,West
CUST1888,Nisha Das,North
CUST1889,Karan Verma,West
CUST1890,Rahul Kulkarni,South
CUST1891,Karan Rao,South
CUST1892,Divya Menon,North
CUST1893,Priya Singh,East
CUST1894,Amit Rao,East
CUST1895,Priya Menon,South
CUST1896,Vivek Kapoor,East
CUST1897,Karan Verma,South
CUST1898,Amit Mehta,North
CUST1899,Rohan Menon,North
CUST1900,Isha Kapoor,North
CUST1901,Sanjay Kapoor,North
CUST1902,Deepak Joshi,West
CUST1903,Ritu Patel,West
CUST1904,Divya Chatterjee,North
CUST1905,Neha Menon,South
CUST1906,Rohan Reddy,South
CUST1907,Vikram Sharma,North
CUST1908,Sanjay Iyer,East
CUST1909,Karan Menon,West
CUST1910,Shreya Menon,East
CUST1911,Meera Reddy,South
CUST1912,Meera Menon,South
CUST1913,Vikram Das,East
CUST1914,Ritu Sharma,North
CUST1915,Deepak Menon,East
CUST1916,Manoj Das,East
CUST1917,Manoj Sharma,West
CUST1918,Shreya Reddy,West
CUST1919,Divya Mehta,East
CUST1920,Vikram Kapoor,East
CUST1921,Vikram Mehta,South
CUST1922,Anjali Singh,West
CUST1923,Shreya Chatterjee,West
CUST1924,Pooja Patel,South
CUST1925,Suresh Menon,North
CUST1926,Karan Verma,West
CUST1927,Rohan Reddy,West
CUST1928,Sneha Mehta,North
CUST1929,Kavya Reddy,West
CUST1930,Nisha Gupta,West
CUST1931,Ajay Kapoor,North
CUST1932,Pooja Rao,North
CUST1933,Suresh Verma,East
CUST1934,Arjun Sharma,South
CUST1935,Amit Patel,South
CUST1936,Anjali Gupta,North
CUST1937,Vikram Nair,North
CUST1938,Manoj Singh,West
CUST1939,Sanjay Das,East
CUST1940,Amit Reddy,East
CUST1941,Sanjay Kapoor,North
CUST1942,Neha Iyer,West
CUST1943,Meera Verma,West
CUST1944,Sanjay Patel,South
CUST1945,Amit Kulkarni,South
CUST1946,Amit Nair,West
CUST1947,Karan Patel,South
CUST1948,Manoj Das,North
CUST1949,Arjun Reddy,West
CUST1950,Pooja Gupta,South
CUST1951,Priya Mehta,North
CUST1952,Arjun Patel,West
CUST1953,Amit Mehta,West
CUST1954,Arjun Iyer,East
CUST1955,Priya Joshi,North
CUST1956,Neha Das,East
CUST1957,Manoj Patel,West
CUST1958,Vikram Mehta,North
CUST1959,Priya Patel,South
CUST1960,Manoj Nair,South
CUST1961,Kavya Mehta,South
CUST1962,Vikram Kulkarni,West
CUST1963,Meera Nair,East
CUST1964,Vikram Joshi,North
CUST1965,Ritu Kapoor,South
CUST1966,Vikram Kapoor,North
CUST1967,Sanjay Verma,West
CUST1968,Kavya Kapoor,South
CUST1969,Ajay Rao,West
CUST1970,Amit Patel,East
CUST1971,Kavya Verma,West
CUST1972,Kavya Mehta,West
CUST1973,Karan Kapoor,East
CUST1974,Rahul Nair,North
CUST1975,Shreya Iyer,East
CUST1976,Ritu Patel,East
CUST1977,Rahul Mehta,West
CUST1978,Ritu Das,North
CUST1979,Karan Mehta,West
CUST1980,Karan Das,East
CUST1981,Deepak Rao,North
CUST1982,Sneha Chatterjee,East
CUST1983,Anjali Joshi,East
CUST1984,Rohan Gupta,East
CUST1985,Suresh Kapoor,East
CUST1986,Ajay Chatterjee,West
CUST1987,Vivek Rao,North
CUST1988,Neha Kulkarni,North
CUST1989,Suresh Gupta,North
CUST1990,Rohan Chatterjee,East
CUST1991,Meera Reddy,West
CUST1992,Priya Menon,East
CUST1993,Karan Kapoor,East
CUST1994,Divya Singh,North
CUST1995,Priya Kulkarni,East
CUST1996,Karan Menon,South
CUST1997,Sanjay Das,East
CUST1998,Sanjay Patel,South
CUST1999,Priya Joshi,North
CUST2000,Shreya Kapoor,West
CUST2001,Amit Kulkarni,West
CUST2002,Anjali Iyer,North
CUST2003,Rohan Rao,East
CUST2004,Arjun Kulkarni,South
CUST2005,Priya Chatterjee,South
CUST2006,Manoj Menon,East
CUST2007,Vikram Kapoor,South
CUST2008,Nisha Reddy,West
CUST2009,Isha Kulkarni,South
CUST2010,Sneha Verma,North
CUST2011,Sneha Mehta,West
CUST2012,Sanjay Joshi,West
CUST2013,Nisha Sharma,West
CUST2015,Rahul Nair,East
CUST2016,Shreya Mehta,West
CUST2017,Meera Verma,East
CUST2018,Pooja Kulkarni,South
CUST2019,Manoj Kapoor,East
CUST2020,Divya Reddy,East
CUST2021,Amit Reddy,West
CUST2022,Divya Singh,North
CUST2023,Suresh Sharma,North
CUST2024,Anjali Chatterjee,North
CUST2025,Manoj Kulkarni,South
CUST2026,Ajay Mehta,East
CUST2027,Vivek Rao,North
CUST2028,Priya Menon,West
CUST2029,Priya Kapoor,North
CUST2030,Sneha Sharma,North
CUST2031,Amit Kapoor,East
CUST2032,Arjun Singh,East
CUST2033,Manoj Singh,East
CUST2034,Suresh Reddy,South
CUST2035,Priya Chatterjee,South
CUST2036,Pooja Reddy,North
CUST2037,Nisha Mehta,East
CUST2038,Amit Sharma,North
CUST2039,Divya Patel,West
CUST2040,Deepak Chatterjee,East
CUST2041,Ritu Gupta,East
CUST2042,Isha Nair,East
CUST2043,Ajay Das,West
CUST2044,Vikram Iyer,East
CUST2045,Rahul Rao,South
CUST2046,Anjali Chatterjee,South
CUST2047,Priya Kapoor,East
CUST2048,Amit Kulkarni,West
CUST2049,Sanjay Das,North
CUST2050,Shreya Joshi,East
CUST2051,Meera Chatterjee,East
CUST2052,Divya Kulkarni,North
CUST2053,Kavya Joshi,East
CUST2054,Pooja Das,North
CUST2055,Sanjay Kapoor,West
CUST2056,Deepak Patel,South
CUST2057,Manoj Mehta,West
CUST2058,Pooja Verma,South
CUST2059,Isha Singh,North
CUST2060,Amit Kapoor,South
CUST2061,Divya Gupta,West
CUST2062,Shreya Joshi,South
CUST2063,Amit Reddy,North
CUST2064,Pooja Chatterjee,West
CUST2065,Pooja Singh,East
CUST2066,Sanjay Menon,West
CUST2067,Divya Reddy,East
CUST2068,Sneha Das,North
CUST2069,Anjali Kulkarni,South
CUST2070,Nisha Nair,East
CUST2071,Deepak Gupta,East
CUST2072,Priya Patel,South
CUST2073,Kavya Mehta,South
CUST2074,Karan Sharma,West
CUST2075,Kavya Gupta,East
CUST2076,Meera Menon,East
CUST2077,Meera Menon,North
CUST2078,Manoj Chatterjee,West
CUST2079,Anjali Kulkarni,North
CUST2080,Suresh Kapoor,East
CUST2081,Rahul Joshi,North
CUST2082,Anjali Das,East
CUST2083,Kavya Mehta,East
CUST2084,Nisha Iyer,North
CUST2085,Shreya Das,North
CUST2086,Sanjay Joshi,South
CUST2087,Pooja Kulkarni,South
CUST2088,Manoj Kulkarni,South
CUST2089,Nisha Nair,East
CUST2090,Isha Sharma,North
CUST2091,Neha Patel,West
CUST2092,Meera Joshi,East
CUST2093,Rahul Verma,West
CUST2094,Rahul Sharma,North
CUST2095,Arjun Kapoor,East
CUST2096,Rahul Kapoor,West
CUST2097,Isha Rao,West
CUST2098,Nisha Singh,South
CUST2099,Priya Nair,South
CUST2100,Rohan Rao,South
CUST2101,Pooja Rao,East
CUST2102,Meera Chatterjee,North
CUST2103,Priya Rao,North
CUST2104,Vivek Joshi,South
CUST2105,Sanjay Patel,South
CUST2106,Suresh Kapoor,South
CUST2107,Amit Mehta,West
CUST2108,Anjali Das,South
CUST2109,Anjali Das,West
CUST2110,Rohan Chatterjee,North
CUST2111,Arjun Verma,East
CUST2112,Divya Patel,East
CUST2113,Kavya Verma,East
CUST2114,Isha Menon,East
CUST2115,Manoj Mehta,West
CUST2116,Rohan Mehta,West
CUST2117,Isha Kulkarni,South
CUST2118,Sneha Nair,West
CUST2119,Nisha Rao,East
CUST2120,Amit Chatterjee,South
CUST2121,Arjun Joshi,East
CUST2122,Neha Menon,West
CUST2123,Suresh Verma,West
CUST2124,Nisha Joshi,South
CUST2125,Vivek Joshi,South
CUST2126,Karan Das,North
CUST2127,Karan Iyer,North
CUST2128,Ajay Singh,South
CUST2129,Pooja Reddy,North
CUST2130,Karan Patel,North
CUST2131,Vivek Gupta,South
CUST2132,Vivek Kulkarni,South
CUST2133,Ajay Joshi,West
CUST2134,Meera Nair,South
CUST2135,Meera Iyer,South
CUST2136,Nisha Gupta,East
CUST2137,Shreya Das,West
CUST2138,Amit Joshi,West
CUST2139,Neha Iyer,West
CUST2140,Amit Kapoor,East
CUST2141,Nisha Chatterjee,South
CUST2142,Manoj Sharma,West
CUST2143,Rohan Joshi,West
CUST2144,Sanjay Menon,North
CUST2145,Deepak Chatterjee,West
CUST2146,Shreya Reddy,South
CUST2147,Vikram Reddy,South
CUST2148,Divya Menon,North
CUST2149,Isha Joshi,West
CUST2150,Shreya Verma,West
CUST2151,Sanjay Iyer,West
CUST2152,Arjun Reddy,East
CUST2153,Deepak Verma,West
CUST2154,Sneha Verma,South
CUST2155,Manoj Verma,South
CUST2156,Sneha Nair,East
CUST2157,Rohan Rao,East
CUST2158,Ajay Iyer,West
CUST2159,Nisha Kapoor,North
CUST2160,Divya Iyer,East
CUST2161,Karan Verma,East
CUST2162,Kavya Gupta,West
CUST2163,Manoj Sharma,West
CUST2164,Amit Rao,East
CUST2165,Kavya Reddy,North
CUST2166,Ritu Menon,North
CUST2167,Vivek Rao,West
CUST2168,Divya Menon,West
CUST2169,Pooja Verma,East
CUST2170,Vivek Gupta,North
CUST2171,Vikram Nair,East
CUST2172,Karan Das,East
CUST2173,Nisha Joshi,West
CUST2174,Manoj Menon,North
CUST2175,Shreya Singh,South
CUST2176,Isha Verma,North
CUST2177,Rohan Nair,East
CUST2178,Sanjay Mehta,East
CUST2179,Priya Iyer,East
CUST2180,Vikram Gupta,North
CUST2181,Rahul Patel,West
CUST2182,Divya Patel,East
CUST2183,Sneha Kapoor,East
CUST2184,Vivek Chatterjee,North
CUST2185,Suresh Rao,South
CUST2186,Amit Nair,South
CUST2187,Pooja Kulkarni,West
CUST2188,Neha Kapoor,West
CUST2189,Neha Joshi,East
CUST2190,Arjun Sharma,North
CUST2191,Vikram Reddy,East
CUST2192,Kavya Mehta,West
CUST2193,Divya Sharma,North
CUST2194,Nisha Reddy,North
CUST2195,Suresh Gupta,West
CUST2196,Manoj Gupta,South
CUST2197,Divya Gupta,South
CUST2198,Sanjay Sharma,North
CUST2199,Shreya Joshi,East
CUST2200,Shreya Joshi,South
CUST2201,Manoj Chatterjee,East
CUST2202,Anjali Joshi,South
CUST2203,Isha Verma,South
CUST2204,Pooja Verma,East
CUST2205,Arjun Chatterjee,West
CUST2206,Vikram Reddy,South
CUST2207,Rahul Singh,South
CUST2208,Amit Nair,East
CUST2209,Vikram Gupta,West
CUST2210,Vikram Sharma,South
CUST2211,Sanjay Iyer,South
CUST2212,Pooja Joshi,West
CUST2213,Neha Reddy,South
CUST2214,Deepak Verma,West
CUST2215,Shreya Mehta,West
CUST2216,Suresh Menon,East
CUST2217,Priya Das,North
CUST2218,Meera Kapoor,West
CUST2219,Rohan Chatterjee,East
CUST2220,Shreya Chatterjee,North
CUST2221,Suresh Verma,South
CUST2222,Vivek Joshi,North
CUST2223,Anjali Reddy,West
CUST2224,Vivek Kulkarni,West
CUST2225,Karan Reddy,West
CUST2226,Ritu Verma,West
CUST2227,Neha Joshi,West
CUST2228,Vivek Patel,East
CUST2229,Meera Gupta,West
CUST2230,Rahul Singh,East
CUST2231,Kavya Kapoor,South
CUST2232,Anjali Gupta,West
CUST2233,Manoj Nair,West
CUST2234,Manoj Verma,North
CUST2235,Rahul Singh,South
CUST2236,Vivek Rao,West
CUST2237,Suresh Rao,West
CUST2238,Meera Verma,South
CUST2239,Sanjay Rao,East
CUST2240,Kavya Chatterjee,West
CUST2241,Kavya Sharma,North
CUST2242,Divya Mehta,West
CUST2243,Kavya Das,North
CUST2244,Pooja Reddy,North
CUST2245,Rahul Sharma,West
CUST2246,Ajay Chatterjee,West
CUST2247,Ritu Menon,North
CUST2248,Deepak Kulkarni,South
CUST2249,Vikram Das,South
CUST2250,Priya Verma,West
CUST2251,Anjali Chatterjee,East
CUST2252,Arjun Sharma,South
CUST2253,Arjun Das,West
CUST2254,Ritu Kapoor,South
CUST2255,Arjun Gupta,East
CUST2256,Karan Chatterjee,West
CUST2257,Arjun Mehta,East
CUST2258,Sneha Verma,West
CUST2259,Anjali Menon,East
CUST2260,Sneha Nair,South
CUST2261,Ajay Nair,South
CUST2262,Priya Verma,East
CUST2263,Karan Das,East
CUST2264,Vivek Iyer,East
CUST2265,Karan Mehta,West
CUST2266,Rahul Patel,South
CUST2267,Nisha Singh,North
CUST2268,Deepak Chatterjee,South
CUST2269,Rahul Joshi,North
CUST2270,Rohan Chatterjee,West
CUST2271,Deepak Iyer,South
CUST2272,Rahul Sharma,South
CUST2273,Sanjay Iyer,West
CUST2274,Divya Nair,West
CUST2275,Suresh Iyer,South
CUST2276,Kavya Menon,West
CUST2277,Pooja Rao,East
CUST2278,Priya Menon,West
CUST2279,Arjun Iyer,West
CUST2280,Deepak Rao,West
CUST2281,Kavya Kulkarni,South
CUST2282,Priya Nair,East
CUST2283,Deepak Kapoor,North
CUST2284,Divya Gupta,North
CUST2285,Priya Kulkarni,East
CUST2286,Vikram Chatterjee,East
CUST2287,Divya Reddy,East
CUST2288,Manoj Mehta,South
CUST2289,Ritu Singh,North
CUST2290,Anjali Menon,East
CUST2291,Meera Joshi,South
CUST2292,Suresh Kapoor,North
CUST2293,Deepak Singh,West
CUST2294,Suresh Singh,South
CUST2295,Ritu Chatterjee,North
CUST2296,Deepak Joshi,South
CUST2297,Manoj Das,North
CUST2298,Sneha Mehta,North
CUST2299,Ajay Chatterjee,West
CUST2300,Sneha Gupta,East
CUST2301,Karan Nair,East
CUST2302,Ajay Verma,West
CUST2303,Pooja Kapoor,West
CUST2304,Sneha Kulkarni,North
CUST2305,Deepak Reddy,East
CUST2306,Pooja Mehta,South
CUST2307,Manoj Joshi,East
CUST2308,Amit Patel,East
CUST2309,Ritu Rao,East
CUST2310,Sneha Menon,East
CUST2311,Meera Verma,East
CUST2312,Sanjay Kapoor,West
CUST2313,Sneha Rao,North
CUST2314,Suresh Singh,West
CUST2315,Divya Rao,North
CUST2316,Rohan Kapoor,West
CUST2317,Rohan Chatterjee,West
CUST2318,Shreya Sharma,South
CUST2319,Neha Kapoor,East
CUST2320,Neha Patel,North
CUST2321,Sneha Reddy,North
CUST2322,Sneha Nair,North
CUST2323,Rohan Nair,West
CUST2324,Rahul Joshi,North
CUST2325,Shreya Kapoor,East
CUST2326,Neha Chatterjee,West
CUST2327,Karan Singh,West
CUST2328,Nisha Nair,South
CUST2329,Deepak Nair,East
CUST2330,Arjun Rao,West
CUST2331,Arjun Chatterjee,East
CUST2332,Neha Patel,North
CUST2333,Neha Patel,East
CUST2334,Shreya Kulkarni,West
CUST2335,Sanjay Rao,South
CUST2336,Vikram Reddy,West
CUST2337,Meera Patel,East
CUST2338,Ajay Reddy,East
CUST2339,Rohan Rao,West
CUST2340,Meera Iyer,East
CUST2341,Sneha Rao,North
CUST2342,Rahul Singh,West
CUST2343,Meera Gupta,South
CUST2344,Manoj Sharma,West
CUST2345,Amit Joshi,North
CUST2346,Priya Sharma,North
CUST2347,Vivek Gupta,North
CUST2348,Sanjay Nair,North
CUST2349,Ritu Gupta,North
CUST2350,Manoj Iyer,South
CUST2351,Rohan Kulkarni,East
CUST2352,Suresh Rao,North
CUST2353,Arjun Menon,East
CUST2354,Karan Kapoor,West
CUST2355,Priya Kulkarni,South
CUST2356,Amit Singh,South
CUST2357,Deepak Verma,East
CUST2358,Amit Rao,South
CUST2359,Nisha Kapoor,West
CUST2360,Rohan Das,West
CUST2361,Sanjay Mehta,East
CUST2362,Rohan Patel,West
CUST2363,Pooja Iyer,North
CUST2364,Sneha Rao,North
CUST2365,Anjali Rao,West
CUST2366,Rohan Kapoor,East
CUST2367,Pooja Reddy,South
CUST2368,Kavya Gupta,East
CUST2369,Rahul Reddy,South
CUST2370,Amit Das,West
CUST2371,Kavya Sharma,West
CUST2372,Anjali Das,North
CUST2373,Rohan Reddy,South
CUST2375,Priya Joshi,West
CUST2376,Vikram Joshi,East
CUST2377,Deepak Patel,West
CUST2378,Anjali Patel,South
CUST2379,Meera Iyer,South
CUST2380,Nisha Joshi,West
CUST2381,Amit Nair,South
CUST2382,Anjali Verma,West
CUST2383,Vivek Joshi,North
CUST2384,Priya Nair,South
CUST2385,Sanjay Iyer,West
CUST2386,Priya Singh,East
CUST2387,Isha Patel,West
CUST2388,Nisha Joshi,South
CUST2389,Sneha Gupta,North
CUST2390,Karan Kapoor,South
CUST2391,Manoj Das,South
CUST2392,Vivek Kulkarni,West
CUST2393,Neha Menon,East
CUST2394,Vivek Kulkarni,South
CUST2395,Divya Sharma,East
CUST2396,Ritu Joshi,West
CUST2397,Kavya Reddy,North
CUST2398,Amit Kulkarni,West
CUST2399,Karan Singh,North
CUST2400,Ajay Patel,East
CUST2401,Nisha Gupta,East
CUST2402,Isha Patel,North
CUST2403,Shreya Joshi,East
CUST2404,Rahul Das,North
CUST2405,Deepak Reddy,South
CUST2406,Anjali Nair,West
CUST2407,Meera Patel,North
CUST2408,Rohan Kulkarni,East
CUST2409,Rahul Gupta,West
CUST2410,Ritu Joshi,East
CUST2411,Anjali Reddy,North
CUST2412,Priya Kapoor,North
CUST2413,Pooja Reddy,South
CUST2414,Rahul Singh,West
CUST2415,Meera Kapoor,East
CUST2416,Priya Das,East
CUST2417,Deepak Verma,South
CUST2418,Arjun Sharma,West
CUST2419,Suresh Iyer,North
CUST2420,Isha Menon,North
CUST2421,Vivek Rao,East
CUST2422,Sneha Verma,South
CUST2423,Vivek Nair,South
CUST2424,Amit Nair,North
CUST2425,Suresh Chatterjee,West
CUST2426,Nisha Joshi,West
CUST2427,Vikram Reddy,North
CUST2428,Neha Joshi,North
CUST2429,Manoj Sharma,South
CUST2430,Neha Nair,West
CUST2431,Meera Kapoor,North
CUST2432,Amit Menon,North
CUST2433,Shreya Rao,East
CUST2434,Pooja Nair,North
CUST2435,Amit Kulkarni,North
CUST2436,Rohan Reddy,West
CUST2437,Pooja Das,West
CUST2438,Manoj Gupta,West
CUST2439,Amit Verma,South
CUST2440,Priya Iyer,East
CUST2441,Meera Menon,North
CUST2442,Isha Verma,East
CUST2443,Neha Das,West
CUST2444,Priya Das,West
CUST2445,Nisha Sharma,South
CUST2446,Sneha Chatterjee,East
CUST2447,Pooja Sharma,South
CUST2448,Pooja Kulkarni,East
CUST2449,Nisha Menon,East
CUST2450,Isha Iyer,North
CUST2451,Amit Das,East
CUST2452,Anjali Das,North
CUST2453,Karan Gupta,North
CUST2454,Priya Patel,West
CUST2455,Deepak Verma,North
CUST2456,Sneha Das,North
CUST2457,Manoj Reddy,West
CUST2458,Karan Joshi,East
CUST2459,Divya Kulkarni,South
CUST2460,Karan Chatterjee,South
CUST2461,Pooja Reddy,South
CUST2462,Meera Kapoor,East
CUST2463,Anjali Kulkarni,North
CUST2464,Suresh Menon,South
CUST2465,Priya Joshi,East
CUST2466,Vivek Iyer,North
CUST2467,Ajay Gupta,West
CUST2468,Ajay Verma,South
CUST2469,Neha Das,North
CUST2470,Priya Menon,West
CUST2471,Suresh Verma,South
CUST2472,Shreya Chatterjee,South
CUST2473,Arjun Singh,North
CUST2474,Ajay Das,East
CUST2475,Amit Gupta,North
CUST2476,Arjun Joshi,South
CUST2477,Pooja Iyer,North
CUST2478,Rohan Kulkarni,West
CUST2479,Ritu Joshi,East
CUST2480,Rahul Reddy,North
CUST2481,Sneha Singh,West
CUST2482,Kavya Sharma,East
CUST2483,Vikram Singh,West
CUST2484,Isha Kapoor,East
CUST2485,Isha Reddy,North
CUST2486,Anjali Singh,West
CUST2487,Meera Chatterjee,South
CUST2488,Vikram Reddy,West
CUST2489,Amit Singh,East
CUST2490,Nisha Menon,North
CUST2491,Rohan Gupta,East
CUST2492,Nisha Gupta,West
CUST2493,Vivek Verma,North
CUST2494,Deepak Nair,South
CUST2495,Anjali Chatterjee,North
CUST2496,Deepak Rao,North
CUST2497,Vivek Rao,West
CUST2498,Shreya Singh,North
CUST2499,Vikram Sharma,South
CUST2500,Karan Gupta,East
CUST2501,Meera Kapoor,North
CUST2502,Deepak Gupta,West
CUST2503,Meera Gupta,East
CUST2504,Karan Kulkarni,East
CUST2505,Sneha Sharma,South
CUST2506,Amit Sharma,West
CUST2507,Suresh Chatterjee,North
CUST2508,Deepak Reddy,West
CUST2509,Vivek Gupta,East
CUST2510,Sneha Verma,West
CUST2511,Isha Kulkarni,North
CUST2512,Meera Patel,North
CUST2513,Amit Das,South
CUST2515,Anjali Rao,North
CUST2516,Deepak Rao,West
CUST2517,Karan Sharma,West
CUST2518,Arjun Kulkarni,East
CUST2519,Sanjay Patel,South
CUST2520,Arjun Das,West
CUST2521,Rahul Verma,North
CUST2522,Ritu Kapoor,East
CUST2523,Rahul Rao,West
CUST2524,Meera Rao,South
CUST2525,Kavya Gupta,South
CUST2526,Suresh Singh,East
CUST2527,Priya Patel,East
CUST2528,Nisha Patel,East
CUST2529,Sanjay Chatterjee,East
CUST2530,Sanjay Joshi,East
CUST2531,Vivek Patel,North
CUST2532,Karan Iyer,North
CUST2533,Vikram Kulkarni,West
CUST2534,Divya Sharma,South
CUST2535,Vivek Gupta,North
CUST2536,Kavya Kapoor,North
CUST2537,Kavya Das,North
CUST2538,Vivek Mehta,West
CUST2539,Rahul Kapoor,East
CUST2540,Ajay Patel,West
CUST2541,Amit Patel,South
CUST2542,Sanjay Gupta,South
CUST2543,Isha Gupta,South
CUST2544,Kavya Rao,South
CUST2545,Pooja Reddy,North
CUST2546,Suresh Reddy,North
CUST2547,Manoj Iyer,West
CUST2548,Rohan Iyer,East
CUST2549,Ajay Mehta,South
CUST2550,Vikram Gupta,West
CUST2551,Nisha Kulkarni,North
CUST2552,Kavya Kulkarni,North
CUST2553,Neha Nair,East
CUST2554,Manoj Kulkarni,East
CUST2555,Ritu Joshi,East
CUST2556,Sanjay Chatterjee,West
CUST2557,Kavya Kulkarni,North
CUST2558,Kavya Das,North
CUST2559,Arjun Verma,East
CUST2560,Manoj Verma,South
CUST2561,Amit Sharma,East
CUST2562,Sneha Menon,West
CUST2563,Sneha Menon,East
CUST2564,Arjun Das,East
CUST2565,Vivek Menon,West
CUST2566,Meera Rao,East
CUST2567,Deepak Reddy,North
CUST2568,Divya Mehta,South
CUST2569,Kavya Verma,East
CUST2570,Nisha Kapoor,West
CUST2571,Deepak Kulkarni,South
CUST2572,Ritu Kulkarni,West
CUST2573,Priya Mehta,South
CUST2574,Neha Chatterjee,South
CUST2575,Sanjay Patel,East
CUST2576,Meera Singh,North
CUST2577,Arjun Das,East
CUST2578,Kavya Mehta,West
CUST2579,Pooja Joshi,West
CUST2580,Meera Nair,South
CUST2581,Isha Menon,South
CUST2582,Isha Gupta,North
CUST2583,Divya Kulkarni,East
CUST2584,Ajay Menon,West
CUST2585,Sanjay Patel,South
CUST2586,Deepak Iyer,North
CUST2587,Vivek Singh,West
CUST2588,Sanjay Joshi,South
CUST2589,Arjun Chatterjee,West
CUST2590,Meera Gupta,North
CUST2591,Karan Menon,North
CUST2592,Deepak Menon,West
CUST2593,Kavya Menon,East
CUST2594,Kavya Menon,West
CUST2595,Rohan Singh,South
CUST2596,Divya Kulkarni,East
CUST2597,Suresh Kulkarni,South
CUST2598,Nisha Nair,West
CUST2599,Suresh Das,East
CUST2600,Nisha Joshi,South
CUST2601,Karan Verma,West
CUST2602,Priya Kapoor,West
CUST2603,Deepak Chatterjee,East
CUST2604,Isha Mehta,West
CUST2605,Meera Chatterjee,North
CUST2606,Manoj Iyer,South
CUST2607,Vivek Patel,South
CUST2608,Divya Kapoor,West
CUST2609,Nisha Mehta,West
CUST2610,Vikram Kapoor,North
CUST2611,Rahul Patel,East
CUST2612,Amit Chatterjee,West
CUST2613,Nisha Iyer,West
CUST2614,Vivek Kapoor,West
CUST2615,Rohan Joshi,West
CUST2616,Manoj Das,South
CUST2617,Vikram Chatterjee,West
CUST2618,Kavya Rao,South
CUST2619,Ritu Patel,East
CUST2620,Rahul Joshi,East
CUST2621,Vikram Iyer,North
CUST2622,Rahul Reddy,East
CUST2623,Kavya Iyer,West
CUST2624,Neha Verma,West
CUST2625,Suresh Das,West
CUST2626,Neha Gupta,East
CUST2627,Pooja Singh,West
CUST2628,Priya Das,East
CUST2629,Ritu Kapoor,South
CUST2630,Arjun Reddy,North
CUST2631,Sneha Nair,North
CUST2632,Neha Rao,East
CUST2633,Nisha Joshi,North
CUST2634,Sanjay Menon,East
CUST2635,Pooja Das,South
CUST2636,Priya Gupta,West
CUST2637,Isha Mehta,South
CUST2638,Ritu Iyer,South
CUST2639,Vivek Nair,South
CUST2640,Shreya Iyer,North
CUST2641,Vikram Rao,South
CUST2642,Sneha Chatterjee,West
CUST2643,Sneha Reddy,West
CUST2644,Neha Patel,West
CUST2645,Nisha Iyer,South
CUST2646,Vikram Nair,East
CUST2647,Deepak Nair,East
CUST2648,Kavya Singh,West
CUST2649,Deepak Rao,North
CUST2650,Anjali Menon,East
CUST2651,Sneha Joshi,South
CUST2652,Karan Reddy,East
CUST2653,Sanjay Singh,West
CUST2654,Rohan Reddy,North
CUST2655,Pooja Iyer,East
CUST2656,Shreya Gupta,East
CUST2657,Ritu Rao,West
CUST2658,Vivek Reddy,North
CUST2659,Sneha Patel,North
CUST2660,Shreya Verma,West
CUST2661,Meera Iyer,South
CUST2662,Ajay Sharma,East
CUST2663,Pooja Iyer,South
CUST2664,Nisha Patel,East
CUST2665,Karan Joshi,East
CUST2666,Anjali Gupta,South
CUST2667,Sneha Kulkarni,West
CUST2668,Ajay Kulkarni,West
CUST2669,Karan Reddy,East
CUST2670,Vivek Sharma,West
CUST2671,Vivek Sharma,East
CUST2672,Meera Chatterjee,West
CUST2673,Isha Sharma,East
CUST2674,Manoj Mehta,West
CUST2675,Nisha Kapoor,North
CUST2676,Rahul Sharma,South
CUST2677,Anjali Reddy,North
CUST2678,Isha Kulkarni,South
CUST2679,Manoj Mehta,South
CUST2680,Manoj Nair,East
CUST2681,Manoj Menon,South
CUST2682,Suresh Singh,North
CUST2683,Arjun Rao,North
CUST2684,Ritu Gupta,West
CUST2685,Isha Kapoor,North
CUST2686,Neha Verma,West
CUST2687,Amit Kapoor,South
CUST2688,Suresh Sharma,North
CUST2689,Nisha Kapoor,South
CUST2690,Anjali Sharma,North
CUST2691,Karan Iyer,North
CUST2692,Deepak Iyer,West
CUST2693,Neha Iyer,South
CUST2695,Ajay Gupta,South
CUST2696,Vikram Reddy,South
CUST2697,Sanjay Gupta,South
CUST2698,Neha Kulkarni,South
CUST2699,Vikram Reddy,West
CUST2700,Anjali Rao,East
CUST2701,Sneha Menon,South
CUST2702,Rohan Singh,North
CUST2703,Meera Iyer,North
CUST2704,Rahul Patel,West
CUST2705,Sneha Nair,North
CUST2706,Arjun Nair,South
CUST2707,Pooja Joshi,North
CUST2708,Divya Joshi,South
CUST2709,Isha Patel,North
CUST2710,Sneha Gupta,East
CUST2711,Shreya Joshi,West
CUST2713,Nisha Joshi,East
CUST2714,Rohan Iyer,East
CUST2715,Vivek Joshi,West
CUST2716,Pooja Patel,East
CUST2717,Neha Kulkarni,South
CUST2718,Ritu Nair,North
CUST2719,Neha Das,West
CUST2720,Karan Nair,East
CUST2721,Divya Das,South
CUST2722,Karan Reddy,West
CUST2723,Shreya Mehta,East
CUST2724,Isha Verma,West
CUST2725,Suresh Das,East
CUST2726,Deepak Reddy,West
CUST2727,Meera Sharma,South
CUST2729,Manoj Verma,North
CUST2730,Shreya Mehta,West
CUST2731,Isha Patel,North
CUST2732,Manoj Kulkarni,West
CUST2733,Rohan Gupta,East
CUST2734,Neha Rao,East
CUST2735,Divya Patel,North
CUST2736,Pooja Das,West
CUST2737,Vikram Rao,North
CUST2738,Deepak Verma,South
CUST2739,Vikram Iyer,North
CUST2740,Vivek Rao,North
CUST2741,Vikram Patel,East
CUST2742,Sanjay Iyer,North
CUST2743,Ajay Das,West
CUST2744,Deepak Kulkarni,East
CUST2745,Divya Das,North
CUST2746,Arjun Sharma,South
CUST2747,Meera Gupta,East
CUST2748,Sneha Chatterjee,North
CUST2749,Neha Das,North
CUST2750,Rohan Nair,East
CUST2752,Sanjay Patel,South
CUST2753,Priya Joshi,North
CUST2754,Suresh Das,West
CUST2755,Rohan Nair,East
CUST2756,Sanjay Sharma,East
CUST2757,Priya Nair,South
CUST2758,Pooja Nair,East
CUST2759,Priya Sharma,West
CUST2760,Neha Gupta,South
CUST2761,Vikram Verma,West
CUST2762,Nisha Kulkarni,East
CUST2763,Priya Rao,South
CUST2764,Priya Kulkarni,North
CUST2765,Ritu Iyer,East
CUST2766,Rohan Nair,West
CUST2767,Divya Patel,East
CUST2768,Manoj Patel,West
CUST2769,Anjali Joshi,North
CUST2770,Neha Iyer,North
CUST2771,Ajay Chatterjee,South
CUST2772,Sanjay Kulkarni,West
CUST2773,Rohan Gupta,South
CUST2774,Isha Rao,South
CUST2775,Sneha Menon,North
CUST2776,Isha Nair,East
CUST2777,Manoj Patel,East
CUST2778,Kavya Gupta,South
CUST2779,Manoj Nair,North
CUST2780,Isha Joshi,West
CUST2781,Pooja Mehta,East
CUST2782,Arjun Patel,South
CUST2783,Sanjay Chatterjee,East
CUST2784,Priya Das,East
CUST2785,Shreya Menon,West
CUST2786,Amit Patel,North
CUST2787,Divya Sharma,West
CUST2788,Neha Reddy,North
CUST2789,Amit Nair,East
CUST2790,Rohan Reddy,South
CUST2791,Vivek Das,West
CUST2792,Meera Mehta,North
CUST2793,Ajay Gupta,East
CUST2794,Ajay Mehta,North
CUST2795,Shreya Joshi,North
CUST2796,Neha Patel,North
CUST2797,Shreya Joshi,East
CUST2798,Arjun Reddy,South
CUST2799,Vikram Gupta,South
CUST2800,Kavya Singh,South
CUST2801,Arjun Chatterjee,North
CUST2802,Manoj Kulkarni,East
CUST2803,Pooja Patel,North
CUST2804,Meera Rao,South
CUST2805,Isha Nair,South
CUST2806,Divya Verma,East
CUST2807,Rohan Kulkarni,North
CUST2808,Amit Kapoor,West
CUST2809,Amit Mehta,West
CUST2810,Meera Mehta,South
CUST2811,Kavya Nair,East
CUST2812,Rahul Joshi,North
CUST2813,Rahul Singh,South
CUST2814,Kavya Gupta,South
CUST2815,Ritu Mehta,South
CUST2816,Vikram Reddy,North
CUST2817,Anjali Menon,North
CUST2818,Nisha Iyer,South
CUST2819,Arjun Joshi,North
CUST2820,Suresh Menon,West
CUST2821,Vivek Kulkarni,South
CUST2822,Rahul Chatterjee,North
CUST2823,Karan Singh,South
CUST2824,Deepak Gupta,East
CUST2825,Karan Verma,South
CUST2826,Sneha Joshi,South
CUST2827,Anjali Rao,East
CUST2828,Vivek Kulkarni,West
CUST2829,Vikram Das,North
CUST2830,Amit Sharma,East
CUST2831,Sneha Das,South
CUST2832,Isha Verma,North
CUST2833,Vikram Iyer,East
CUST2834,Arjun Reddy,North
CUST2835,Anjali Verma,North
CUST2836,Anjali Iyer,East
CUST2837,Divya Das,North
CUST2838,Suresh Verma,West
CUST2839,Manoj Joshi,East
CUST2840,Divya Das,West
CUST2841,Deepak Patel,South
CUST2842,Priya Nair,North
CUST2843,Amit Joshi,South
CUST2844,Ritu Gupta,South
CUST2845,Shreya Rao,North
CUST2846,Rahul Gupta,East
CUST2847,Amit Reddy,North
CUST2848,Priya Das,South
CUST2849,Ajay Chatterjee,South
CUST2850,Meera Rao,East
CUST2851,Suresh Das,North
CUST2852,Vivek Kulkarni,South
CUST2853,Nisha Sharma,West
CUST2854,Vikram Joshi,South
CUST2855,Suresh Menon,South
CUST2856,Manoj Mehta,East
CUST2857,Amit Sharma,West
CUST2858,Isha Kapoor,South
CUST2859,Ritu Verma,South
CUST2860,Priya Iyer,West
CUST2861,Kavya Patel,North
CUST2862,Manoj Singh,North
CUST2863,Anjali Das,South
CUST2864,Isha Joshi,South
CUST2865,Rahul Patel,North
CUST2866,Vivek Singh,East
CUST2867,Amit Reddy,West
CUST2868,Manoj Nair,West
CUST2869,Manoj Chatterjee,East
CUST2870,Deepak Iyer,East
CUST2871,Deepak Gupta,East
CUST2872,Pooja Reddy,South
CUST2873,Pooja Reddy,South
CUST2874,Divya Sharma,East
CUST2875,Rohan Das,West
CUST2876,Amit Joshi,North
CUST2877,Karan Chatterjee,North
CUST2878,Meera Iyer,East
CUST2879,Rahul Nair,East
CUST2880,Vivek Mehta,West
CUST2881,Priya Patel,West
CUST2882,Pooja Nair,East
CUST2883,Pooja Reddy,West
CUST2884,Deepak Patel,South
CUST2885,Amit Iyer,West
CUST2886,Pooja Mehta,West
CUST2887,Isha Sharma,West
CUST2888,Kavya Patel,West
CUST2889,Pooja Rao,North
CUST2890,Anjali Singh,North
CUST2892,Ajay Menon,East
CUST2893,Ajay Iyer,East
CUST2894,Neha Iyer,South
CUST2895,Arjun Joshi,North
CUST2896,Isha Kapoor,East
CUST2897,Rohan Menon,West
CUST2898,Arjun Mehta,West
CUST2899,Vivek Das,North
CUST2900,Ajay Chatterjee,South
CUST2901,Isha Menon,South
CUST2902,Shreya Nair,West
CUST2903,Deepak Kapoor,North
CUST2904,Sneha Patel,North
CUST2905,Sanjay Menon,West
CUST2906,Arjun Kulkarni,West
CUST2907,Rahul Patel,East
CUST2908,Isha Das,South
CUST2909,Pooja Mehta,West
CUST2910,Deepak Iyer,North
CUST2912,Pooja Menon,West
CUST2913,Arjun Reddy,West
CUST2914,Sneha Joshi,West
CUST2915,Kavya Verma,South
CUST2916,Arjun Kapoor,West
CUST2917,Pooja Nair,North
CUST2918,Arjun Patel,South
CUST2919,Vivek Kulkarni,West
CUST2920,Sanjay Kulkarni,West
CUST2921,Divya Iyer,North
CUST2922,Suresh Kulkarni,South
CUST2923,Pooja Verma,South
CUST2924,Deepak Chatterjee,East
CUST2925,Deepak Gupta,South
CUST2926,Ritu Reddy,West
CUST2927,Vikram Iyer,West
CUST2928,Divya Sharma,East
CUST2929,Deepak Kapoor,East
CUST2930,Arjun Kapoor,East
CUST2931,Arjun Reddy,North
CUST2932,Amit Sharma,East
CUST2933,Priya Patel,North
CUST2934,Rahul Patel,South
CUST2935,Karan Singh,West
CUST2936,Manoj Patel,East
CUST2937,Divya Nair,West
CUST2938,Divya Menon,West
CUST2939,Manoj Chatterjee,East
CUST2940,Arjun Iyer,East
CUST2941,Isha Kapoor,South
CUST2942,Nisha Patel,North
CUST2943,Deepak Iyer,North
CUST2944,Anjali Reddy,West
CUST2945,Ajay Reddy,East
CUST2946,Vivek Singh,South
CUST2947,Sneha Nair,South
CUST2948,Divya Kapoor,South
CUST2949,Amit Nair,South
CUST2950,Divya Verma,South
CUST2951,Shreya Verma,North
CUST2952,Vivek Das,North
CUST2953,Rahul Patel,North
CUST2954,Vivek Nair,East
CUST2955,Anjali Nair,West
CUST2956,Meera Sharma,South
CUST2957,Divya Nair,East
CUST2958,Kavya Iyer,South
CUST2959,Neha Sharma,North
CUST2960,Karan Sharma,East
CUST2961,Amit Patel,North
CUST2962,Pooja Iyer,East
CUST2963,Ritu Kapoor,South
CUST2964,Isha Patel,West
CUST2965,Sanjay Kapoor,South
CUST2966,Anjali Sharma,North
CUST2967,Pooja Sharma,South
CUST2968,Kavya Mehta,West
CUST2969,Isha Joshi,West
CUST2970,Rahul Rao,North
CUST2971,Rohan Gupta,East
CUST2972,Deepak Sharma,South
CUST2973,Neha Mehta,West
CUST2974,Nisha Menon,South
CUST2975,Arjun Das,South
CUST2976,Shreya Gupta,East
CUST2977,Sanjay Das,South
CUST2978,Sanjay Patel,South
CUST2979,Deepak Iyer,West
CUST2980,Rohan Singh,North
CUST2981,Arjun Singh,North
CUST2982,Karan Kulkarni,South
CUST2983,Suresh Menon,West
CUST2984,Ajay Mehta,South
CUST2985,Karan Chatterjee,West
CUST2986,Pooja Kapoor,West
CUST2987,Rahul Patel,East
CUST2988,Divya Iyer,East
CUST2989,Divya Patel,East
CUST2990,Kavya Kapoor,South
CUST2991,Deepak Kapoor,East
CUST2992,Divya Kapoor,East
CUST2993,Ritu Sharma,North
CUST2994,Karan Rao,North
CUST2995,Rohan Joshi,West
CUST2996,Vikram Patel,East
CUST2997,Pooja Singh,West
CUST2998,Karan Chatterjee,North
CUST2999,Vivek Sharma,North
CUST3000,Manoj Reddy,East
CUST3001,Meera Verma,North
CUST3002,Priya Reddy,West
CUST3003,Rahul Chatterjee,South
CUST3004,Sneha Verma,West
CUST3005,Vikram Iyer,South
CUST3006,Manoj Joshi,East
CUST3007,Kavya Reddy,South
CUST3008,Sanjay Sharma,North
CUST3009,Divya Rao,West
CUST3010,Ajay Chatterjee,South
CUST3011,Arjun Singh,West
CUST3012,Priya Chatterjee,East
CUST3013,Arjun Rao,East
CUST3014,Priya Iyer,North
CUST3015,Suresh Kapoor,East
CUST3016,Neha Menon,South
CUST3017,Meera Iyer,East
CUST3018,Nisha Das,North
CUST3019,Rohan Joshi,West
CUST3020,Amit Reddy,West
CUST3021,Anjali Mehta,East
CUST3022,Deepak Verma,South
CUST3023,Anjali Iyer,North
CUST3024,Ritu Menon,South
CUST3025,Kavya Verma,North
CUST3026,Sanjay Das,East
CUST3027,Divya Iyer,North
CUST3028,Suresh Sharma,North
CUST3029,Vivek Kapoor,East
CUST3030,Manoj Rao,South
CUST3031,Vikram Gupta,East
CUST3032,Sanjay Chatterjee,North
CUST3033,Vivek Patel,East
CUST3034,Anjali Joshi,North
CUST3035,Deepak Nair,East
CUST3036,Suresh Verma,West
CUST3038,Karan Singh,East
CUST3039,Arjun Gupta,South
CUST3040,Anjali Rao,North
CUST3041,Divya Verma,West
CUST3042,Amit Iyer,South
CUST3043,Divya Chatterjee,North
CUST3044,Arjun Chatterjee,North
CUST3045,Vivek Patel,West
CUST3046,Suresh Kulkarni,East
CUST3047,Nisha Reddy,North
CUST3048,Rahul Patel,South
CUST3049,Rohan Verma,South
CUST3050,Shreya Joshi,South
CUST3051,Vikram Singh,North
CUST3052,Sneha Gupta,South
CUST3053,Shreya Sharma,South
CUST3055,Isha Iyer,East
CUST3056,Neha Joshi,East
CUST3057,Meera Joshi,North
CUST3058,Amit Mehta,North
CUST3059,Manoj Chatterjee,South
CUST3060,Suresh Sharma,East
CUST3061,Sanjay Nair,West
CUST3062,Vikram Patel,West
CUST3063,Priya Kulkarni,South
CUST3064,Isha Patel,South
CUST3065,Divya Nair,East
CUST3066,Rahul Chatterjee,East
CUST3067,Sneha Sharma,East
CUST3068,Karan Verma,North
CUST3070,Shreya Patel,South
CUST3071,Amit Mehta,North
CUST3072,Karan Reddy,East
CUST3073,Pooja Nair,East
CUST3074,Suresh Kulkarni,North
CUST3075,Neha Iyer,West
CUST3076,Meera Nair,South
CUST3077,Manoj Gupta,West
CUST3078,Neha Gupta,South
CUST3079,Vikram Rao,West
CUST3080,Vikram Iyer,North
CUST3081,Vivek Nair,South
CUST3082,Sneha Verma,South
CUST3083,Arjun Sharma,South
CUST3084,Karan Mehta,East
CUST3085,Manoj Menon,East
CUST3086,Isha Sharma,West
CUST3087,Karan Kulkarni,North
CUST3088,Ritu Nair,East
CUST3089,Sneha Gupta,South
CUST3090,Vikram Das,East
CUST3091,Sanjay Kapoor,North
CUST3092,Priya Kapoor,East
CUST3093,Nisha Gupta,South
CUST3094,Vivek Iyer,West
CUST3095,Amit Rao,South
CUST3096,Priya Kulkarni,North
CUST3097,Karan Iyer,West
CUST3098,Sanjay Gupta,East
CUST3099,Pooja Chatterjee,East
CUST3100,Divya Gupta,East
CUST3101,Divya Mehta,West
CUST3102,Rohan Reddy,South
CUST3103,Ajay Sharma,West
CUST3104,Shreya Kapoor,West
CUST3105,Amit Kapoor,North
CUST3106,Manoj Verma,West
CUST3107,Suresh Reddy,East
CUST3108,Ajay Kapoor,South
CUST3109,Sanjay Iyer,South
CUST3110,Meera Patel,South
CUST3111,Nisha Das,West
CUST3112,Shreya Rao,East
CUST3113,Ajay Gupta,South
CUST3114,Rohan Gupta,East
CUST3115,Kavya Joshi,East
CUST3116,Vikram Sharma,West
CUST3117,Vikram Reddy,East
CUST3118,Nisha Iyer,East
CUST3119,Deepak Verma,East
CUST3120,Suresh Nair,East
CUST3121,Karan Chatterjee,South
CUST3122,Divya Nair,East
CUST3123,Deepak Nair,West
CUST3124,Suresh Singh,West
CUST3125,Vikram Sharma,West
CUST3126,Shreya Reddy,North
CUST3127,Arjun Menon,South
CUST3128,Divya Nair,East
CUST3129,Sanjay Iyer,North
CUST3130,Ajay Rao,East
CUST3131,Ritu Joshi,North
CUST3133,Anjali Chatterjee,West
CUST3134,Vivek Rao,West
CUST3135,Sneha Nair,North
CUST3136,Suresh Sharma,West
CUST3137,Shreya Singh,North
CUST3138,Manoj Mehta,South
CUST3139,Suresh Kulkarni,West
CUST3140,Ajay Verma,West
CUST3141,Sanjay Iyer,West
CUST3142,Deepak Menon,South
CUST3143,Meera Joshi,North
CUST3144,Ajay Chatterjee,East
CUST3145,Manoj Reddy,West
CUST3146,Rohan Kapoor,North
CUST3147,Amit Kulkarni,South
CUST3148,Arjun Patel,East
CUST3149,Isha Kapoor,West
CUST3150,Sanjay Sharma,South
CUST3151,Sanjay Sharma,South
CUST3152,Kavya Iyer,East
CUST3153,Anjali Iyer,North
CUST3154,Vikram Kapoor,West
CUST3155,Manoj Menon,West
CUST3156,Vivek Kulkarni,North
CUST3157,Meera Kulkarni,North
CUST3158,Nisha Kapoor,East
CUST3159,Nisha Mehta,East
CUST3160,Amit Nair,East
CUST3161,Neha Rao,West
CUST3162,Deepak Kulkarni,East
CUST3163,Divya Verma,South
CUST3164,Arjun Patel,West
CUST3165,Amit Patel,East
CUST3166,Manoj Iyer,North
CUST3167,Ajay Verma,South
CUST3168,Kavya Rao,East
CUST3169,Sanjay Patel,West
CUST3170,Rohan Menon,North
CUST3171,Rohan Iyer,East
CUST3172,Rahul Reddy,East
CUST3173,Vikram Sharma,West
CUST3174,Manoj Gupta,North
CUST3175,Karan Patel,West
CUST3176,Kavya Gupta,North
CUST3177,Arjun Chatterjee,South
CUST3178,Rahul Reddy,East
CUST3179,Amit Verma,West
CUST3180,Kavya Singh,South
CUST3181,Arjun Verma,South
CUST3182,Pooja Menon,West
CUST3183,Sneha Menon,West
CUST3184,Anjali Mehta,South
CUST3185,Amit Patel,North
CUST3186,Amit Menon,South
CUST3187,Karan Kapoor,West
CUST3188,Priya Kapoor,South
CUST3189,Ajay Mehta,North
CUST3190,Anjali Kulkarni,East
CUST3191,Priya Patel,East
CUST3192,Sanjay Singh,South
CUST3193,Priya Rao,North
CUST3194,Ritu Nair,East
CUST3195,Priya Verma,South
CUST3196,Karan Patel,South
CUST3197,Manoj Chatterjee,North
CUST3198,Priya Singh,West
CUST3199,Amit Patel,South
CUST3200,Vivek Menon,West
CUST3201,Shreya Menon,West
CUST3202,Vivek Mehta,East
CUST3203,Nisha Kapoor,West
CUST3204,Rohan Gupta,North
CUST3205,Rohan Sharma,East
CUST3206,Sanjay Das,East
CUST3207,Deepak Kapoor,East
CUST3208,Deepak Iyer,South
CUST3209,Deepak Iyer,South
CUST3210,Nisha Chatterjee,West
CUST3211,Sanjay Singh,East
CUST3212,Vivek Kulkarni,East
CUST3213,Neha Rao,North
CUST3214,Sneha Patel,West
CUST3215,Nisha Reddy,North
CUST3216,Isha Kulkarni,West
CUST3217,Meera Menon,West
CUST3218,Meera Joshi,South
CUST3219,Pooja Reddy,South
CUST3220,Deepak Patel,North
CUST3221,Manoj Nair,West
CUST3222,Sneha Kapoor,East
CUST3224,Meera Joshi,East
CUST3225,Vivek Chatterjee,North
CUST3226,Pooja Verma,South
CUST3227,Meera Patel,South
CUST3228,Priya Chatterjee,East
CUST3229,Suresh Das,North
CUST3230,Divya Sharma,West
CUST3231,Manoj Das,South
CUST3232,Sanjay Rao,North
CUST3233,Meera Kulkarni,South
CUST3234,Nisha Nair,North
CUST3235,Sanjay Singh,South
CUST3236,Shreya Verma,East
CUST3237,Kavya Das,East
CUST3239,Divya Das,East
CUST3240,Suresh Das,West
CUST3241,Rahul Mehta,South
CUST3242,Ajay Das,East
CUST3243,Priya Joshi,West
CUST3244,Sneha Reddy,East
CUST3245,Meera Chatterjee,North
CUST3246,Ajay Kapoor,North
CUST3247,Ajay Sharma,North
CUST3248,Anjali Kulkarni,East
CUST3249,Shreya Joshi,East
CUST3250,Ajay Gupta,East
CUST3251,Sanjay Rao,North
CUST3252,Vivek Rao,West
CUST3253,Rahul Joshi,South
CUST3254,Shreya Singh,East
CUST3255,Neha Chatterjee,West
CUST3256,Vivek Gupta,South
CUST3257,Deepak Mehta,South
CUST3258,Karan Gupta,South
CUST3259,Rahul Patel,West
CUST3260,Divya Mehta,West
CUST3261,Sanjay Reddy,West
CUST3262,Manoj Das,West
CUST3263,Arjun Gupta,West
CUST3264,Isha Iyer,West
CUST3265,Ajay Joshi,South
CUST3266,Vikram Rao,East
CUST3267,Sanjay Gupta,North
CUST3268,Nisha Kulkarni,East
CUST3269,Rohan Joshi,East
CUST3270,Arjun Iyer,West
CUST3271,Manoj Kulkarni,North
CUST3272,Meera Kulkarni,East
CUST3273,Pooja Iyer,East
CUST3274,Divya Das,North
CUST3275,Rohan Das,West
CUST3276,Karan Verma,East
CUST3277,Vikram Kapoor,North
CUST3278,Sneha Chatterjee,East
CUST3279,Priya Kulkarni,South
CUST3280,Arjun Das,West
CUST3281,Anjali Mehta,East
CUST3282,Nisha Patel,North
CUST3283,Nisha Sharma,North
CUST3284,Sneha Kapoor,East
CUST3285,Vivek Kapoor,West
CUST3286,Karan Verma,West
CUST3287,Arjun Patel,North
CUST3288,Kavya Singh,East
CUST3289,Sneha Verma,West
CUST3290,Amit Joshi,North
CUST3291,Anjali Joshi,South
CUST3292,Divya Gupta,East
CUST3293,Kavya Nair,South
CUST3294,Nisha Sharma,South
CUST3295,Sneha Gupta,West
CUST3296,Suresh Iyer,West
CUST3297,Karan Das,West
CUST3298,Sanjay Nair,East
CUST3299,Nisha Rao,South
CUST3300,Deepak Joshi,West
CUST3301,Manoj Gupta,West
CUST3302,Neha Menon,South
CUST3303,Karan Gupta,East
CUST3304,Anjali Patel,East
CUST3305,Priya Nair,North
CUST3306,Sanjay Reddy,East
CUST3307,Pooja Rao,West
CUST3308,Amit Das,East
CUST3309,Amit Chatterjee,South
CUST3311,Divya Nair,North
CUST3312,Isha Patel,South
CUST3313,Suresh Das,South
CUST3314,Sneha Rao,North
CUST3315,Anjali Sharma,West
CUST3316,Isha Singh,South
CUST3317,Ritu Chatterjee,West
CUST3318,Sanjay Patel,South
CUST3319,Divya Mehta,East
CUST3320,Nisha Gupta,West
CUST3321,Neha Mehta,South
CUST3322,Manoj Menon,West
CUST3323,Arjun Verma,North
CUST3324,Vikram Nair,West
CUST3325,Rohan Kulkarni,North
CUST3326,Deepak Das,South
CUST3327,Rahul Singh,West
CUST3328,Rohan Reddy,South
CUST3329,Divya Kulkarni,West
CUST3330,Ritu Mehta,North
CUST3331,Deepak Reddy,North
CUST3332,Karan Singh,West
CUST3333,Sneha Chatterjee,North
CUST3334,Ajay Das,South
CUST3335,Suresh Patel,South
CUST3336,Rahul Singh,East
CUST3337,Shreya Patel,North
CUST3338,Karan Nair,South
CUST3339,Sneha Patel,West
CUST3340,Amit Kapoor,North
CUST3341,Arjun Kapoor,South
CUST3342,Priya Verma,North
CUST3343,Karan Chatterjee,East
CUST3344,Vivek Joshi,South
CUST3345,Sneha Rao,East
CUST3346,Kavya Das,East
CUST3347,Vivek Gupta,North
CUST3348,Shreya Kulkarni,West
CUST3349,Isha Verma,South
CUST3350,Suresh Chatterjee,West
CUST3351,Nisha Das,South
CUST3352,Sanjay Mehta,North
CUST3353,Divya Singh,East
CUST3354,Neha Das,West
CUST3355,Neha Mehta,West
CUST3356,Karan Iyer,North
CUST3357,Suresh Kapoor,West
CUST3358,Deepak Patel,South
CUST3359,Kavya Reddy,North
CUST3360,Manoj Chatterjee,South
CUST3361,Suresh Mehta,West
CUST3362,Rahul Sharma,North
CUST3363,Manoj Reddy,South
CUST3364,Anjali Patel,West
CUST3365,Nisha Joshi,West
CUST3366,Manoj Chatterjee,East
CUST3367,Arjun Menon,West
CUST3368,Meera Rao,South
CUST3369,Sanjay Verma,North
CUST3370,Vikram Reddy,East
CUST3371,Isha Das,West
CUST3372,Suresh Patel,West
CUST3373,Nisha Sharma,West
CUST3374,Meera Nair,South
CUST3375,Priya Chatterjee,East
CUST3376,Deepak Menon,South
CUST3377,Vikram Nair,East
CUST3378,Anjali Menon,North
CUST3379,Nisha Menon,South
CUST3380,Meera Menon,South
CUST3381,Neha Menon,North
CUST3382,Karan Chatterjee,North
CUST3383,Amit Menon,East
CUST3384,Anjali Kapoor,North
CUST3385,Kavya Joshi,West
CUST3386,Karan Mehta,West
CUST3387,Divya Sharma,North
CUST3388,Sanjay Kulkarni,East
CUST3389,Suresh Kapoor,West
CUST3390,Meera Mehta,North
CUST3391,Divya Nair,South
CUST3392,Arjun Kulkarni,South
CUST3393,Sneha Iyer,South
CUST3394,Ritu Patel,North
CUST3395,Divya Mehta,South
CUST3396,Vikram Das,West
CUST3397,Meera Iyer,South
CUST3398,Vivek Singh,South
CUST3399,Anjali Nair,West
CUST3400,Meera Rao,South
CUST3401,Anjali Reddy,West
CUST3402,Divya Iyer,South
CUST3403,Priya Sharma,West
CUST3404,Suresh Mehta,South
CUST3405,Deepak Kulkarni,West
CUST3406,Priya Verma,North
CUST3407,Vivek Patel,West
CUST3408,Karan Rao,South
CUST3409,Kavya Menon,South
CUST3410,Sneha Chatterjee,East
CUST3411,Rahul Mehta,West
CUST3412,Rohan Sharma,North
CUST3413,Isha Patel,West
CUST3414,Meera Nair,West
CUST3415,Nisha Joshi,North
CUST3416,Arjun Gupta,West
CUST3417,Neha Reddy,North
CUST3418,Vikram Joshi,North
CUST3419,Neha Chatterjee,West
CUST3420,Suresh Gupta,West
CUST3421,Shreya Rao,South
CUST3422,Kavya Verma,South
CUST3423,Vivek Patel,East
CUST3424,Ritu Mehta,East
CUST3425,Nisha Gupta,West
CUST3426,Amit Joshi,North
CUST3427,Karan Kapoor,East
CUST3428,Neha Reddy,East
CUST3429,Arjun Nair,East
CUST3430,Shreya Singh,North
CUST3431,Priya Iyer,South
CUST3432,Rahul Kulkarni,North
CUST3433,Rohan Sharma,West
CUST3434,Amit Reddy,East
CUST3435,Isha Gupta,South
CUST3436,Amit Iyer,East
CUST3437,Sanjay Singh,East
CUST3438,Pooja Sharma,South
CUST3439,Meera Kapoor,South
CUST3440,Isha Kapoor,West
CUST3441,Isha Gupta,West
CUST3442,Meera Reddy,North
CUST3443,Rahul Verma,North
CUST3444,Rahul Rao,East
CUST3445,Karan Reddy,South
CUST3446,Isha Singh,North
CUST3447,Neha Mehta,East
CUST3448,Suresh Das,South
CUST3449,Arjun Gupta,West
CUST3450,Rahul Sharma,East
CUST3451,Nisha Verma,West
CUST3452,Shreya Kapoor,North
CUST3453,Arjun Kapoor,North
CUST3454,Sneha Gupta,South
CUST3455,Suresh Patel,East
CUST3456,Ajay Gupta,West
CUST3457,Amit Joshi,South
CUST3458,Ajay Iyer,North
CUST3459,Karan Joshi,North
CUST3460,Rohan Chatterjee,East
CUST3461,Vivek Singh,West
CUST3462,Kavya Gupta,East
CUST3463,Deepak Menon,West
CUST3464,Sneha Singh,West
CUST3465,Neha Reddy,East
CUST3466,Manoj Verma,South
CUST3467,Isha Kapoor,East
CUST3468,Kavya Das,East
CUST3469,Ritu Iyer,North
CUST3470,Ritu Singh,North
CUST3471,Pooja Joshi,East
CUST3472,Pooja Das,East
CUST3473,Sneha Rao,North
CUST3474,Manoj Iyer,West
CUST3475,Vikram Sharma,East
CUST3476,Amit Chatterjee,South
CUST3477,Shreya Mehta,South
CUST3478,Kavya Chatterjee,South
CUST3479,Sneha Verma,East
CUST3480,Shreya Patel,West
CUST3481,Neha Reddy,West
CUST3482,Amit Verma,North
CUST3483,Sanjay Singh,East
CUST3484,Deepak Patel,West
CUST3485,Isha Singh,East
CUST3486,Karan Gupta,North
CUST3487,Deepak Menon,North
CUST3488,Arjun Das,North
CUST3489,Nisha Nair,South
CUST3490,Vikram Das,East
CUST3491,Neha Patel,North
CUST3492,Rohan Singh,East
CUST3493,Anjali Gupta,South
CUST3494,Isha Iyer,South
CUST3495,Ajay Nair,North
CUST3496,Manoj Reddy,North
CUST3497,Divya Nair,West
CUST3498,Ajay Chatterjee,East
CUST3499,Sneha Chatterjee,North
